n_modelos,modelos,pesos,Accuracy,Macro Precision,Macro Recall,Macro F1,Weighted F1
2,M1+M5,"M1=0.15, M5=0.85",0.617338003502627,0.6294685833579571,0.6193305696299709,0.6166422805970327,0.6166233531995946
2,M2+M5,"M2=0.20, M5=0.80",0.6182136602451839,0.6280071353156081,0.6204718767593019,0.6163243705456641,0.6161197021805018
2,M4+M5,"M4=0.25, M5=0.75",0.6147110332749562,0.6243774529661333,0.6167664670658682,0.6130921920416549,0.6129059144867852
2,M3+M5,"M3=0.20, M5=0.80",0.6120840630472855,0.6227854372522853,0.6142023645017657,0.6112151564056402,0.6108607849536419
2,M2+M4,"M2=0.35, M4=0.65",0.5245183887915937,0.5314299060413981,0.5242898817749116,0.5125031204184612,0.5140002022260011
2,M1+M2,"M1=0.45, M2=0.55",0.5201401050788091,0.5286838441122926,0.5197297712267772,0.5123535340132994,0.5142994075791192
2,M2+M3,"M2=0.95, M3=0.05",0.5140105078809106,0.5140197003410412,0.5128870464199805,0.5075931968498198,0.5095881034017347
2,M1+M3,"M1=0.50, M3=0.50",0.5131348511383538,0.5317629407259331,0.5113158298787042,0.499548238840312,0.5023512782485007
2,M1+M4,"M1=0.50, M4=0.50",0.5131348511383538,0.5216258887414805,0.5116024361533343,0.49886510792458355,0.5013926287885394
2,M3+M4,"M3=0.20, M4=0.80",0.5078809106830122,0.5246127120289573,0.5081938686729105,0.4851028656690062,0.48622357489466456
3,M2+M3+M5,"M2=0.25, M3=0.25, M5=0.50",0.6252189141856392,0.6345061266236683,0.6270228773222786,0.6223656295733072,0.6225268663201503
3,M2+M4+M5,"M2=0.20, M4=0.40, M5=0.40",0.6260945709281961,0.6344740831700587,0.6278775781769794,0.62151337808955,0.621653719003166
3,M1+M4+M5,"M1=0.10, M4=0.30, M5=0.60",0.6217162872154116,0.6307430388713359,0.62346077076616,0.6196166344217079,0.6196802684139381
3,M1+M2+M5,"M1=0.25, M2=0.25, M5=0.50",0.6225919439579685,0.6305626093301578,0.6243154716208609,0.6186603020669916,0.6187406166266296
3,M1+M3+M5,"M1=0.20, M3=0.05, M5=0.75",0.6190893169877408,0.6292976890482677,0.6210399713393726,0.6177589105178741,0.6176465791515053
3,M3+M4+M5,"M3=0.05, M4=0.35, M5=0.60",0.617338003502627,0.626775020878127,0.6190439633553405,0.6148651369454808,0.6149026943019956
3,M1+M2+M4,"M1=0.60, M2=0.35, M4=0.05",0.5236427320490368,0.533314655445469,0.52228875582169,0.5151286089480034,0.5176400323236501
3,M1+M2+M3,"M1=0.20, M2=0.55, M3=0.25",0.521891418563923,0.5281913956166681,0.5207226572496034,0.5138900947621515,0.5162414248406424
3,M2+M3+M4,"M2=0.45, M3=0.25, M4=0.30",0.5227670753064798,0.5291730973457094,0.5218639643789346,0.5127703568253623,0.5148625041635756
3,M1+M3+M4,"M1=0.30, M3=0.15, M4=0.55",0.5192644483362522,0.5353526657161575,0.5178719484108706,0.504607938311826,0.5072984917411789
4,M2+M3+M4+M5,"M2=0.20, M3=0.10, M4=0.20, M5=0.50",0.6260945709281961,0.6353531831229009,0.6278775781769794,0.6230764769900574,0.6232153057213451
4,M1+M2+M3+M5,"M1=0.20, M2=0.25, M3=0.10, M5=0.45",0.6260945709281961,0.6341068299800336,0.6275909719023492,0.6220138932032967,0.6223065034423346
4,M1+M2+M4+M5,"M1=0.05, M2=0.05, M4=0.40, M5=0.50",0.6252189141856392,0.6351945833193725,0.6268795741849634,0.621810274977122,0.6220474431125906
4,M1+M3+M4+M5,"M1=0.10, M3=0.05, M4=0.30, M5=0.55",0.6225919439579685,0.6324986820322956,0.6241721684835458,0.6202049808371116,0.6203332541528216
4,M1+M2+M3+M4,"M1=0.15, M2=0.55, M3=0.25, M4=0.05",0.5236427320490368,0.5285775504389971,0.5225753620963202,0.5153983595997306,0.5176569429770865
5,M1+M2+M3+M4+M5,"M1=0.05, M2=0.15, M3=0.10, M4=0.20, M5=0.50",0.6252189141856392,0.6357148123945761,0.6267362710476484,0.6222482129921744,0.6225067860125885
