Modelo A,Modelo B,Ambos aciertan,A acierta B falla,A falla B acierta,Ambos fallan,Ambos aciertan (%),A acierta B falla (%),A falla B acierta (%),Ambos fallan (%),Desacuerdo de predicciones (%),Solapamiento de errores (%)
M1,M2,448,119,141,434,39.229422066549915,10.42031523642732,12.34676007005254,38.003502626970224,34.413309982486865,62.53602305475504
M1,M3,422,145,124,451,36.952714535901926,12.697022767075307,10.85814360770578,39.492119089316986,35.288966725043785,62.638888888888886
M1,M4,447,120,122,453,39.14185639229422,10.507880910683012,10.683012259194395,39.66725043782837,31.436077057793344,65.17985611510791
M1,M5,458,109,238,337,40.10507880910683,9.544658493870402,20.84063047285464,29.509632224168126,42.819614711033275,49.26900584795322
M2,M3,394,195,152,401,34.50087565674256,17.075306479859893,13.309982486865149,35.1138353765324,45.62171628721541,53.6096256684492
M2,M4,442,147,127,426,38.70402802101576,12.87215411558669,11.120840630472854,37.3029772329247,35.1138353765324,60.857142857142854
M2,M5,468,121,228,325,40.98073555166375,10.595446584938705,19.964973730297725,28.458844133099824,44.30823117338004,48.21958456973294
M3,M4,431,115,138,458,37.74080560420315,10.070052539404553,12.084063047285465,40.10507880910683,34.23817863397548,64.41631504922644
M3,M5,437,109,259,337,38.2661996497373,9.544658493870402,22.679509632224168,29.509632224168126,46.234676007005255,47.801418439716315
M4,M5,464,105,232,341,40.63047285464098,9.194395796847635,20.31523642732049,29.859894921190893,42.03152364273205,50.29498525073746
