Sistema,Modelos,Pesos,Accuracy,Macro Precision,Macro Recall,Macro F1,Weighted F1
Modelo 1 (M1_SVC_RBF),M1,1.00,0.4964973730297723,0.5038314332403683,0.4946466042274426,0.48622247549854275,0.48894125477695194
Modelo 2 (M2_LogReg),M2,1.00,0.5157618213660246,0.5155280429253789,0.5145964481293822,0.5094571230618974,0.5113529868570317
Modelo 3 (M3_RandomForest),M3,1.00,0.47810858143607704,0.4950715524272496,0.4779876145145607,0.4554174963510826,0.457065404431688
Modelo 4 (M4_ExtraTrees),M4,1.00,0.4982486865148862,0.5037768426867296,0.49893546240851633,0.47746053633703484,0.4782424502164993
Modelo 5 (M5_CNN),M5,1.00,0.6094570928196147,0.6214630173657523,0.6117815650749782,0.6096164683405884,0.6091740804495465
Uniform Soft Voting,M1+M2+M3+M4+M5,0.20 c/u,0.5858143607705779,0.5997154347617099,0.5866983980756436,0.5772247870850522,0.5779920417256269
Weighted Soft Voting (5 modelos),M1+M2+M3+M4+M5,"M1=0.05, M2=0.15, M3=0.10, M4=0.20, M5=0.50",0.6252189141856392,0.6357148123945761,0.6267362710476484,0.6222482129921744,0.6225067860125885
Mejor de 2 modelos,M1+M5,"M1=0.15, M5=0.85",0.617338003502627,0.6294685833579571,0.6193305696299709,0.6166422805970327,0.6166233531995946
Mejor de 3 modelos,M2+M3+M5,"M2=0.25, M3=0.25, M5=0.50",0.6252189141856392,0.6345061266236683,0.6270228773222786,0.6223656295733072,0.6225268663201503
Mejor de 4 modelos,M2+M3+M4+M5,"M2=0.20, M3=0.10, M4=0.20, M5=0.50",0.6260945709281961,0.6353531831229009,0.6278775781769794,0.6230764769900574,0.6232153057213451
Mejor ensemble global,M2+M3+M4+M5,"M2=0.20, M3=0.10, M4=0.20, M5=0.50",0.6260945709281961,0.6353531831229009,0.6278775781769794,0.6230764769900574,0.6232153057213451
ENSEMBLE FINAL ELEGIDO,M2+M3+M5,"M2=0.25, M3=0.25, M5=0.50",0.6252189141856392,0.6345061266236683,0.6270228773222786,0.6223656295733072,0.6225268663201503
